variable,trend,p_value,sen_slope,z
year,increasing,0.0,1.0,27.8974986316859
month,no trend,1.0,0.0,0.0
precipitation(mm),no trend,0.7724867681550818,0.04513888888888894,0.2891236341209907
snow_depth(cm),decreasing,0.0010063263632085206,0.0,-3.288752044659356
mean_temperature(°C),increasing,0.0002472652481337878,0.04204301075268818,3.6650758929332308
min_temperature(°C),increasing,0.0011166225508318917,0.03534722222222216,3.2593641195415852
max_temperature(°C),increasing,0.0004085267316022989,0.044352197698547424,3.53451339293052
