variable,trend,p_value,sen_slope,z,n_years
precipitation(mm),no trend,0.8162147751081346,-0.5335227272727272,-0.23241619033830244,33
snow_depth(cm),no trend,0.34457761884916804,-0.06617972902163331,-0.94515917404243,33
mean_temperature(°C),increasing,0.01632203135091892,0.03797374429223778,2.401633966829125,33
min_temperature(°C),increasing,0.03377610305998657,0.034603059396326075,2.1227345384231624,33
max_temperature(°C),increasing,0.009665641902533384,0.03961598922074999,2.587566919099767,33
